{"cameraMode":{"drawMode":0,"name":"Shaded","section":"Shading Mode"},"sceneLighting":true,"audioPlay":false,"sceneViewState":{"m_AlwaysRefresh":false,"showFog":true,"showSkybox":true,"showFlares":true,"showImageEffects":true,"showParticleSystems":true,"showVisualEffectGraphs":true,"m_FxEnabled":true},"in2DMode":false,"pivot":{"x":1022.8668823242188,"y":585.1124267578125,"z":-40.66748046875},"rotation":{"x":0.01980830729007721,"y":0.0014946754090487958,"z":-0.000029540955438278615,"w":0.9998011589050293},"size":545.3226928710938,"orthographic":false}